dataset,split,recent_items,mean_percent,median_percent,q25_percent,q75_percent,n_users
amazon-all-beauty,valid,1,35.54600608166974,23.415429226432046,0.0,69.52161723217435,1259
amazon-all-beauty,valid,2,59.86220818410163,66.77763533798137,19.771180648176944,100.0,1259
amazon-all-beauty,valid,3,74.42379854350037,100.0,50.17870651246612,100.0,1259
amazon-all-beauty,valid,4,82.35450258520356,100.0,77.84871749996296,100.0,1259
amazon-all-beauty,valid,5,87.10145479145254,100.0,99.99999999999999,100.0,1259
amazon-all-beauty,valid,6,89.52900271828746,100.0,99.99999999999999,100.0,1259
amazon-all-beauty,valid,7,91.19172798782847,100.0,100.0,100.0,1259
amazon-all-beauty,valid,8,92.52548513605605,100.0,100.0,100.0,1259
amazon-all-beauty,valid,9,93.80484069160022,100.0,100.0,100.0,1259
amazon-all-beauty,valid,10,94.63616487725444,100.0,100.0,100.0,1259
amazon-all-beauty,valid,11,95.41708125750206,100.0,100.0,100.0,1259
amazon-all-beauty,valid,12,95.8485389184158,100.0,100.0,100.0,1259
amazon-all-beauty,valid,13,96.20035236139049,100.0,100.0,100.0,1259
amazon-all-beauty,valid,14,96.63711892740403,100.0,100.0,100.0,1259
amazon-all-beauty,valid,15,97.07461335818792,100.0,100.0,100.0,1259
amazon-all-beauty,valid,16,97.41657783042244,100.0,100.0,100.0,1259
amazon-all-beauty,valid,17,97.73080619199229,100.0,100.0,100.0,1259
amazon-all-beauty,valid,18,97.96286387007065,100.0,100.0,100.0,1259
amazon-all-beauty,valid,19,98.19027216618696,100.0,100.0,100.0,1259
amazon-all-beauty,valid,20,98.39146470686741,100.0,100.0,100.0,1259
amazon-all-beauty,valid,21,98.52473665828988,100.0,100.0,100.0,1259
amazon-all-beauty,valid,22,98.62234863812077,100.0,100.0,100.0,1259
amazon-all-beauty,valid,23,98.71420974144907,100.0,100.0,100.0,1259
amazon-all-beauty,valid,24,98.87715049132775,100.0,100.0,100.0,1259
amazon-all-beauty,valid,25,98.99891144050353,100.0,100.0,100.0,1259
amazon-all-beauty,valid,26,99.08855358356115,100.0,100.0,100.0,1259
amazon-all-beauty,valid,27,99.14855558124759,100.0,100.0,100.0,1259
amazon-all-beauty,valid,28,99.24405238372239,100.0,100.0,100.0,1259
amazon-all-beauty,valid,29,99.3308608303211,100.0,100.0,100.0,1259
amazon-all-beauty,valid,30,99.37774315961713,100.0,100.0,100.0,1259
amazon-all-beauty,valid,31,99.45515711095008,100.0,100.0,100.0,1259
amazon-all-beauty,valid,32,99.50168978295852,100.0,100.0,100.0,1259
amazon-all-beauty,valid,33,99.54808222963572,100.0,100.0,100.0,1259
amazon-all-beauty,valid,34,99.5811579396756,100.0,100.0,100.0,1259
amazon-all-beauty,valid,35,99.59398508001608,100.0,100.0,100.0,1259
amazon-all-beauty,valid,36,99.630376757541,100.0,100.0,100.0,1259
amazon-all-beauty,valid,37,99.65615715586702,100.0,100.0,100.0,1259
amazon-all-beauty,valid,38,99.66974027869902,100.0,100.0,100.0,1259
amazon-all-beauty,valid,39,99.68704645444416,100.0,100.0,100.0,1259
amazon-all-beauty,valid,40,99.70185174678555,100.0,100.0,100.0,1259
amazon-all-beauty,valid,41,99.72316567485052,100.0,100.0,100.0,1259
amazon-all-beauty,valid,42,99.73418111503341,100.0,100.0,100.0,1259
amazon-all-beauty,valid,43,99.75300914528046,100.0,100.0,100.0,1259
amazon-all-beauty,valid,44,99.77829140526217,100.0,100.0,100.0,1259
amazon-all-beauty,valid,45,99.79470112649656,100.0,100.0,100.0,1259
amazon-all-beauty,valid,46,99.79918202368847,100.0,100.0,100.0,1259
amazon-all-beauty,valid,47,99.80731398437244,100.0,100.0,100.0,1259
amazon-all-beauty,valid,48,99.82423041306274,100.0,100.0,100.0,1259
amazon-all-beauty,valid,49,99.83699115454695,100.0,100.0,100.0,1259
amazon-all-beauty,valid,50,99.84009317695254,100.0,100.0,100.0,1259
amazon-all-beauty,valid,51,99.85712197943712,100.0,100.0,100.0,1259
amazon-all-beauty,valid,52,99.86040894716153,100.0,100.0,100.0,1259
amazon-all-beauty,valid,53,99.86717499359119,100.0,100.0,100.0,1259
amazon-all-beauty,valid,54,99.8736483529892,100.0,100.0,100.0,1259
amazon-all-beauty,valid,55,99.88214784010431,100.0,100.0,100.0,1259
amazon-all-beauty,valid,56,99.88400731027639,100.0,100.0,100.0,1259
amazon-all-beauty,valid,57,99.8948581932077,100.0,100.0,100.0,1259
amazon-all-beauty,valid,58,99.90183410009642,100.0,100.0,100.0,1259
amazon-all-beauty,valid,59,99.90346350713662,100.0,100.0,100.0,1259
amazon-all-beauty,valid,60,99.90701730107128,100.0,100.0,100.0,1259
amazon-all-beauty,valid,61,99.90704876025222,100.0,100.0,100.0,1259
amazon-all-beauty,valid,62,99.91582926537185,100.0,100.0,100.0,1259
amazon-all-beauty,valid,63,99.91840067694592,100.0,100.0,100.0,1259
amazon-all-beauty,valid,64,99.92373326887835,100.0,100.0,100.0,1259
amazon-all-beauty,valid,65,99.92545908693894,100.0,100.0,100.0,1259
amazon-all-beauty,valid,66,99.9254598809018,100.0,100.0,100.0,1259
amazon-all-beauty,valid,67,99.96027272287053,100.0,100.0,100.0,1259
amazon-all-beauty,valid,68,99.96027272287053,100.0,100.0,100.0,1259
amazon-all-beauty,valid,69,99.96800702498945,100.0,100.0,100.0,1259
amazon-all-beauty,valid,70,99.97229766370391,100.0,100.0,100.0,1259
amazon-all-beauty,valid,71,99.97229766370391,100.0,100.0,100.0,1259
amazon-all-beauty,valid,72,99.97229766370391,100.0,100.0,100.0,1259
amazon-all-beauty,valid,73,99.97430397075154,100.0,100.0,100.0,1259
amazon-all-beauty,valid,74,99.97468028367639,100.0,100.0,100.0,1259
amazon-all-beauty,valid,75,99.97777982688929,100.0,100.0,100.0,1259
amazon-all-beauty,valid,76,99.97777982688929,100.0,100.0,100.0,1259
amazon-all-beauty,valid,77,99.97998971935847,100.0,100.0,100.0,1259
amazon-all-beauty,valid,78,99.98141415931016,100.0,100.0,100.0,1259
amazon-all-beauty,valid,79,99.98141415931016,100.0,100.0,100.0,1259
amazon-all-beauty,valid,80,99.98178029134426,100.0,100.0,100.0,1259
amazon-all-beauty,valid,81,99.98698645662621,100.0,100.0,100.0,1259
amazon-all-beauty,valid,82,99.98806918217728,100.0,100.0,100.0,1259
amazon-all-beauty,valid,83,99.98806918217728,100.0,100.0,100.0,1259
amazon-all-beauty,valid,84,99.98848432175983,100.0,100.0,100.0,1259
amazon-all-beauty,valid,85,99.9885036127544,100.0,100.0,100.0,1259
amazon-all-beauty,valid,86,99.9885036127544,100.0,100.0,100.0,1259
amazon-all-beauty,valid,87,99.98879978369364,100.0,100.0,100.0,1259
amazon-all-beauty,valid,88,99.98879978369364,100.0,100.0,100.0,1259
amazon-all-beauty,valid,89,99.98879978369364,100.0,100.0,100.0,1259
amazon-all-beauty,valid,90,99.98879978369364,100.0,100.0,100.0,1259
amazon-all-beauty,valid,91,99.99609218856374,100.0,100.0,100.0,1259
amazon-all-beauty,valid,92,99.99609218856374,100.0,100.0,100.0,1259
amazon-all-beauty,valid,93,99.99609218856374,100.0,100.0,100.0,1259
amazon-all-beauty,valid,94,99.99609218856374,100.0,100.0,100.0,1259
amazon-all-beauty,valid,95,99.99838614929754,100.0,100.0,100.0,1259
amazon-all-beauty,valid,96,99.99890056858045,100.0,100.0,100.0,1259
amazon-all-beauty,valid,97,99.99997512958487,100.0,100.0,100.0,1259
amazon-all-beauty,valid,98,100.0,100.0,100.0,100.0,1259
amazon-all-beauty,valid,99,100.0,100.0,100.0,100.0,1259
amazon-all-beauty,valid,100,100.0,100.0,100.0,100.0,1259
amazon-all-beauty,test,1,26.372588101646258,13.3990281181605,0.0,43.59895305340257,1355
amazon-all-beauty,test,2,50.147362949949304,49.30830033716988,12.845905405642522,94.99228554053312,1355
amazon-all-beauty,test,3,66.76319693587565,79.45341455381623,33.7913644079707,100.0,1355
amazon-all-beauty,test,4,78.76589449370697,100.0,63.84959771274873,100.0,1355
amazon-all-beauty,test,5,84.97398846360477,100.0,87.55611799527665,100.0,1355
amazon-all-beauty,test,6,88.01156961482069,100.0,99.99999999999999,100.0,1355
amazon-all-beauty,test,7,90.3648359116304,100.0,99.99999999999999,100.0,1355
amazon-all-beauty,test,8,92.07649947273526,100.0,100.0,100.0,1355
amazon-all-beauty,test,9,93.10408303739445,100.0,100.0,100.0,1355
amazon-all-beauty,test,10,94.23809038770776,100.0,100.0,100.0,1355
amazon-all-beauty,test,11,95.09118140691764,100.0,100.0,100.0,1355
amazon-all-beauty,test,12,95.89423318773989,100.0,100.0,100.0,1355
amazon-all-beauty,test,13,96.39827011004331,100.0,100.0,100.0,1355
amazon-all-beauty,test,14,96.82746966561355,100.0,100.0,100.0,1355
amazon-all-beauty,test,15,97.1982520382776,100.0,100.0,100.0,1355
amazon-all-beauty,test,16,97.57798021214823,100.0,100.0,100.0,1355
amazon-all-beauty,test,17,97.8297213658147,100.0,100.0,100.0,1355
amazon-all-beauty,test,18,98.04589554617702,100.0,100.0,100.0,1355
amazon-all-beauty,test,19,98.26164046772283,100.0,100.0,100.0,1355
amazon-all-beauty,test,20,98.46345633426071,100.0,100.0,100.0,1355
amazon-all-beauty,test,21,98.62729867737042,100.0,100.0,100.0,1355
amazon-all-beauty,test,22,98.74258331867134,100.0,100.0,100.0,1355
amazon-all-beauty,test,23,98.84311460016237,100.0,100.0,100.0,1355
amazon-all-beauty,test,24,98.99126418626545,100.0,100.0,100.0,1355
amazon-all-beauty,test,25,99.06418711998904,100.0,100.0,100.0,1355
amazon-all-beauty,test,26,99.12898282832651,100.0,100.0,100.0,1355
amazon-all-beauty,test,27,99.20360225566814,100.0,100.0,100.0,1355
amazon-all-beauty,test,28,99.25541451614701,100.0,100.0,100.0,1355
amazon-all-beauty,test,29,99.31487919815038,100.0,100.0,100.0,1355
amazon-all-beauty,test,30,99.38255818601839,100.0,100.0,100.0,1355
amazon-all-beauty,test,31,99.43465379891619,100.0,100.0,100.0,1355
amazon-all-beauty,test,32,99.49762455367278,100.0,100.0,100.0,1355
amazon-all-beauty,test,33,99.5235067370704,100.0,100.0,100.0,1355
amazon-all-beauty,test,34,99.57081514262286,100.0,100.0,100.0,1355
amazon-all-beauty,test,35,99.6036376710492,100.0,100.0,100.0,1355
amazon-all-beauty,test,36,99.64375223814399,100.0,100.0,100.0,1355
amazon-all-beauty,test,37,99.67001842875425,100.0,100.0,100.0,1355
amazon-all-beauty,test,38,99.6810926812392,100.0,100.0,100.0,1355
amazon-all-beauty,test,39,99.71185060987507,100.0,100.0,100.0,1355
amazon-all-beauty,test,40,99.73114881627974,100.0,100.0,100.0,1355
amazon-all-beauty,test,41,99.7379623839822,100.0,100.0,100.0,1355
amazon-all-beauty,test,42,99.75296337224184,100.0,100.0,100.0,1355
amazon-all-beauty,test,43,99.76853966750195,100.0,100.0,100.0,1355
amazon-all-beauty,test,44,99.77671872787145,100.0,100.0,100.0,1355
amazon-all-beauty,test,45,99.79933225884524,100.0,100.0,100.0,1355
amazon-all-beauty,test,46,99.8118303089306,100.0,100.0,100.0,1355
amazon-all-beauty,test,47,99.81685728270318,100.0,100.0,100.0,1355
amazon-all-beauty,test,48,99.83089408648438,100.0,100.0,100.0,1355
amazon-all-beauty,test,49,99.83523895339457,100.0,100.0,100.0,1355
amazon-all-beauty,test,50,99.84419000122878,100.0,100.0,100.0,1355
amazon-all-beauty,test,51,99.85754424371575,100.0,100.0,100.0,1355
amazon-all-beauty,test,52,99.8637409199341,100.0,100.0,100.0,1355
amazon-all-beauty,test,53,99.87276036934179,100.0,100.0,100.0,1355
amazon-all-beauty,test,54,99.88203759985547,100.0,100.0,100.0,1355
amazon-all-beauty,test,55,99.88833087660477,100.0,100.0,100.0,1355
amazon-all-beauty,test,56,99.89772884509289,100.0,100.0,100.0,1355
amazon-all-beauty,test,57,99.90919871881366,100.0,100.0,100.0,1355
amazon-all-beauty,test,58,99.91895792858965,100.0,100.0,100.0,1355
amazon-all-beauty,test,59,99.92932647453712,100.0,100.0,100.0,1355
amazon-all-beauty,test,60,99.93113082754306,100.0,100.0,100.0,1355
amazon-all-beauty,test,61,99.93240381987994,100.0,100.0,100.0,1355
amazon-all-beauty,test,62,99.93358275372117,100.0,100.0,100.0,1355
amazon-all-beauty,test,63,99.93431466836846,100.0,100.0,100.0,1355
amazon-all-beauty,test,64,99.94025067366289,100.0,100.0,100.0,1355
amazon-all-beauty,test,65,99.94383873947336,100.0,100.0,100.0,1355
amazon-all-beauty,test,66,99.94548244484622,100.0,100.0,100.0,1355
amazon-all-beauty,test,67,99.94929896262197,100.0,100.0,100.0,1355
amazon-all-beauty,test,68,99.95354841800771,100.0,100.0,100.0,1355
amazon-all-beauty,test,69,99.95354841800771,100.0,100.0,100.0,1355
amazon-all-beauty,test,70,99.95678202022036,100.0,100.0,100.0,1355
amazon-all-beauty,test,71,99.95833069185981,100.0,100.0,100.0,1355
amazon-all-beauty,test,72,99.95833069185981,100.0,100.0,100.0,1355
amazon-all-beauty,test,73,99.95865267988034,100.0,100.0,100.0,1355
amazon-all-beauty,test,74,99.95938128706358,100.0,100.0,100.0,1355
amazon-all-beauty,test,75,99.96133534000359,100.0,100.0,100.0,1355
amazon-all-beauty,test,76,99.96216713520148,100.0,100.0,100.0,1355
amazon-all-beauty,test,77,99.96228903132595,100.0,100.0,100.0,1355
amazon-all-beauty,test,78,99.96473581962785,100.0,100.0,100.0,1355
amazon-all-beauty,test,79,99.9684090297434,100.0,100.0,100.0,1355
amazon-all-beauty,test,80,99.97372533925277,100.0,100.0,100.0,1355
amazon-all-beauty,test,81,99.97372533925277,100.0,100.0,100.0,1355
amazon-all-beauty,test,82,99.97372533925277,100.0,100.0,100.0,1355
amazon-all-beauty,test,83,99.97372533925277,100.0,100.0,100.0,1355
amazon-all-beauty,test,84,99.97372533925277,100.0,100.0,100.0,1355
amazon-all-beauty,test,85,99.97372533925277,100.0,100.0,100.0,1355
amazon-all-beauty,test,86,99.97372533925277,100.0,100.0,100.0,1355
amazon-all-beauty,test,87,99.97646973200835,100.0,100.0,100.0,1355
amazon-all-beauty,test,88,99.9777660422107,100.0,100.0,100.0,1355
amazon-all-beauty,test,89,99.9839107025696,100.0,100.0,100.0,1355
amazon-all-beauty,test,90,99.99095342467807,100.0,100.0,100.0,1355
amazon-all-beauty,test,91,99.99095342467807,100.0,100.0,100.0,1355
amazon-all-beauty,test,92,99.9958818977746,100.0,100.0,100.0,1355
amazon-all-beauty,test,93,99.99603361486813,100.0,100.0,100.0,1355
amazon-all-beauty,test,94,99.99603361486813,100.0,100.0,100.0,1355
amazon-all-beauty,test,95,99.99603361486813,100.0,100.0,100.0,1355
amazon-all-beauty,test,96,99.99603361486813,100.0,100.0,100.0,1355
amazon-all-beauty,test,97,99.99603361486813,100.0,100.0,100.0,1355
amazon-all-beauty,test,98,99.99738898582727,100.0,100.0,100.0,1355
amazon-all-beauty,test,99,99.99846757500801,100.0,100.0,100.0,1355
amazon-all-beauty,test,100,100.0,100.0,100.0,100.0,1355
