elapsed_seconds,tracked_process_memory_mib,matched_gpu_processes
0.09089197695720941,0,0
0.21842051402200013,0,0
0.3476359189953655,0,0
0.4755913580302149,0,0
0.5988987690070644,0,0
0.7293568330351263,0,0
0.8524648830061778,0,0
0.9760866779834032,0,0
1.1046527250437066,0,0
1.23138008301612,0,0
1.3792287870310247,0,0
1.5200483809458092,0,0
1.6453572650207207,0,0
1.8079915309790522,12,1
1.931867941049859,438,1
2.0548616299638525,438,1
2.1779329569544643,438,1
2.3088567530503497,438,1
2.4324142090044916,438,1
2.560106153949164,438,1
2.684074521996081,438,1
2.8146917150588706,536,1
2.938031326048076,716,1
3.0615464800503105,812,1
3.1860671050380915,874,1
3.3720469570253044,874,1
3.4946122439578176,874,1
3.619271466974169,874,1
3.7456668169470504,874,1
3.8732309240149334,874,1
3.9953644450288266,874,1
4.120168661000207,874,1
4.24658754596021,874,1
4.374923937954009,874,1
4.499938469030894,874,1
4.647740490967408,874,1
4.774108235025778,874,1
4.898084223968908,874,1
5.0208997100126,874,1
5.147752725984901,874,1
5.27365557604935,874,1
5.3969694370171055,874,1
5.527641577995382,874,1
5.651661245035939,874,1
5.775347191025503,874,1
5.897951758001,874,1
6.019263445050456,874,1
6.148038925952278,874,1
6.272875715978444,874,1
6.39542718604207,874,1
6.519756607944146,874,1
6.644796464010142,874,1
6.771897446014918,874,1
6.893927703029476,874,1
7.026019855053164,874,1
7.148174265050329,874,1
7.273033250006847,874,1
7.397787641035393,874,1
7.524289745953865,874,1
7.648268723045476,874,1
7.773742298944853,874,1
7.895764930988662,874,1
8.017676412011497,874,1
8.148779046954587,874,1
8.27353302994743,874,1
8.395313672022894,874,1
8.521089792018756,874,1
8.647028469014913,874,1
8.772742750006728,874,1
8.894707908970304,874,1
9.019239978049882,874,1
9.146055727964267,874,1
9.279003844014369,874,1
9.408162498963065,874,1
9.532931569032371,874,1
9.655560128041543,874,1
9.779078908963129,874,1
9.9096693249885,874,1
10.032410747022368,874,1
10.156266442034394,874,1
10.278577347984537,874,1
10.404190003988333,874,1
10.530477295978926,560,1
10.653772388002835,1246,1
10.775388792040758,1246,1
10.90131901705172,1420,1
11.023123795050196,1420,1
11.147318135015666,1420,1
11.275946868001483,1420,1
11.39534911699593,1420,1
11.520099674002267,1420,1
11.646174457971938,1420,1
11.77492333902046,1420,1
11.896902099950239,1420,1
12.023845419054851,1420,1
12.221470474032685,0,0
